Id , Brand , Title, Type_THC , Price, Amount, Image Link 
1,2727,DJ Short Blueberry,$120,Indica,(28g),https://ik.imagekit.io/qxmwvn2y0qb/higherleaf%2FGeneric+Flower.jpg-242acf8f-364-4c59-a5b-16cc6e51f97b?tr=w-500
2,2727,Oregon Diesel,$120,Hybrid,(28g),https://ik.imagekit.io/qxmwvn2y0qb/higherleaf%2FGeneric+Flower.jpg-242acf8f-364-4c59-a5b-16cc6e51f97b?tr=w-500
3,2727,Poison Fruit #6,$120,Hybrid,(28g),https://ik.imagekit.io/qxmwvn2y0qb/higherleaf%2FGeneric+Flower.jpg-242acf8f-364-4c59-a5b-16cc6e51f97b?tr=w-500
4,2727,Slurricane,$120,Indica,(28g),https://ik.imagekit.io/qxmwvn2y0qb/higherleaf%2FGeneric+Flower.jpg-242acf8f-364-4c59-a5b-16cc6e51f97b?tr=w-500
5,Aloha Botanics,9lb Hammer,$150,Indica Hybrid,(28g),https://ik.imagekit.io/qxmwvn2y0qb/2020%2FAloha+Botanics+Flower+Bag.jpg?tr=w-320
6,Aloha Botanics,Acapulco Gold,$7,Hybrid,(1g),https://ik.imagekit.io/qxmwvn2y0qb/Aloha%20Botanics%20Flower%20Bag.jpg?tr=w-320
7,Aloha Botanics,Acapulco Gold,$22 - $150,Sativa Hybrid,(3.50g - 28g),https://ik.imagekit.io/qxmwvn2y0qb/Aloha%20Botanics%20Flower%20Bag.jpg?tr=w-320
8,Aloha Botanics,Blueberry Muffins,$22 - $150,Indica Hybrid,(3.50g - 28g),https://ik.imagekit.io/qxmwvn2y0qb/Aloha%20Botanics%20Flower%20Bag.jpg?tr=w-320
9,Aloha Botanics,DJ Short Blueberry,$7 - $150,Indica Hybrid,(1g - 28g),https://ik.imagekit.io/qxmwvn2y0qb/Aloha%20Botanics%20Flower%20Bag.jpg?tr=w-320
10,Aloha Botanics,Golden Ticket,$22 - $150,Hybrid,(3.50g - 28g),https://ik.imagekit.io/qxmwvn2y0qb/Aloha%20Botanics%20Flower%20Bag.jpg?tr=w-320
11,Aloha Botanics,Granddaddy Purple,$7 - $150,Indica,(1g - 28g),https://ik.imagekit.io/qxmwvn2y0qb/herbn%2FAloha+Botanics+Flower+Bag.jpg?tr=w-320
12,American Hash Makers,Blue Frost,$99,Hybrid,(28g),https://ik.imagekit.io/qxmwvn2y0qb/American+Hash+Makers+Flower.jpg?tr=w-320
13,American Hash Makers,Double Berry Cake,$99,Hybrid,(28g),https://ik.imagekit.io/qxmwvn2y0qb/American+Hash+Makers+Flower.jpg?tr=w-320
14,American Hash Makers,Hindu Kush,$99,Indica,(28g),https://ik.imagekit.io/qxmwvn2y0qb/American+Hash+Makers+Flower.jpg?tr=w-320
15,American Hash Makers,Omega,$99,Hybrid,(28g),https://ik.imagekit.io/qxmwvn2y0qb/American+Hash+Makers+Flower.jpg?tr=w-320
16,Artizen,Allen Wrench Minz,$195,Sativa,(28g),https://ik.imagekit.io/qxmwvn2y0qb/Artizen+Flower+Jar.jpg?tr=w-320
17,Artizen,Candied Fruit Popcorn,$60,Hybrid,(7g),https://ik.imagekit.io/qxmwvn2y0qb/Artizen+Flower+Popcorn.jpg?tr=w-320
18,Artizen,Candy Breath Popcorn,$195,Indica,(28g),https://ik.imagekit.io/qxmwvn2y0qb/Artizen+Flower+Popcorn.jpg?tr=w-320
19,Artizen,Dosi Pie,$12 - $38,Hybrid,(1g - 3.50g),https://ik.imagekit.io/qxmwvn2y0qb/Artizen+Flower+Jar.jpg?tr=w-320
20,Artizen,Dutchberry,$12 - $270,Sativa Hybrid,(1.01g - 28g),https://ik.imagekit.io/qxmwvn2y0qb/higherleaf%2FDutchberry.png-79a48890-d3b4-43b6-a316-26862b4ab7ea?tr=w-320
21,Artizen,Jack Herer,$12 - $145,Hybrid,(1g - 14g),https://ik.imagekit.io/qxmwvn2y0qb/higherleaf%2FARZ+jack+herer.png-ca8fc372-63cc-4a40-b0f5-4da31ffa5326?tr=w-320
22,Artizen,Jack Herer Minz,$195,Sativa Hybrid,(28g),https://ik.imagekit.io/qxmwvn2y0qb/Artizen+Flower+Generic.jpg?tr=w-320
23,Artizen,Mandarin Cookies,$12 - $38,Indica Hybrid,(1g - 3.50g),https://ik.imagekit.io/qxmwvn2y0qb/Artizen+Flower+Jar.jpg?tr=w-320
24,Artizen,Melon Cake,$12 - $75,Hybrid,(1g - 7g),https://ik.imagekit.io/qxmwvn2y0qb/Artizen+Flower+Jar.jpg?tr=w-320
25,Artizen,Nilla Wafer,$12 - $38,Sativa Hybrid,(1g - 3.50g),https://ik.imagekit.io/qxmwvn2y0qb/higherleaf%2FArtizen+Generic+Flower.jpg-7db9be1-e796-47c-a6a4-87465bfc1b4a?tr=w-320
26,Artizen,Nilla Wafer Minz,$195,Hybrid,(28g),https://ik.imagekit.io/qxmwvn2y0qb/Artizen+Flower+Jar.jpg?tr=w-320
27,Artizen,Poison Fruit,$38,Hybrid,(3.50g),https://ik.imagekit.io/qxmwvn2y0qb/Artizen+Flower+Jar.jpg?tr=w-500
28,Artizen,Slurricane,$12 - $270,Indica Hybrid,(1g - 28g),https://ik.imagekit.io/qxmwvn2y0qb/higherleaf%2FSlurricane.png-c6563795-2b99-479c-85cb-4e7740fd68b?tr=w-320
29,Artizen,Slurricane Popcorn,$195,Indica,(28g),https://ik.imagekit.io/qxmwvn2y0qb/Artizen+Flower+Popcorn.jpg?tr=w-320
30,Artizen,Super Lemon Smac Minz,$195,Indica Hybrid,(28g),https://ik.imagekit.io/qxmwvn2y0qb/Artizen+Flower+Jar.jpg?tr=w-320
31,Artizen,Willie's Wonder,$12 - $270,Indica Hybrid,(1g - 28g),https://ik.imagekit.io/qxmwvn2y0qb/higherleaf%2FWIllies+Wonder.png-4cb0fbb5-b8bf-4a3e-ac91-7e308e1b1e8b?tr=w-320
32,Aurum Farms,Chem I-95,$16 - $189,Hybrid,(1g - 14g),https://ik.imagekit.io/qxmwvn2y0qb/higherleaf%2FIMG_0294.jpg-b4e42ded-42a7-49d1-aaee-f81d844f59d0?tr=w-320
33,Aurum Farms,Crunk Boat,$95,Hybrid,(7g),https://ik.imagekit.io/qxmwvn2y0qb/higherleaf%2Faurum%2BFarms%2BCrunk%2BBoat.jpg-14f11216-776e-4a7a-bce6-92d942e1a6?tr=w-320
34,Aurum Farms,White Tahoe Cookies,$16 - $189,Hybrid,(1g - 14g),https://ik.imagekit.io/qxmwvn2y0qb/higherleaf%2FWhite+Tahoe+Cookies.jpg-c91ecc45-6b91-4afb-90e7-eecef522ed7?tr=w-320
35,Ayra,CBD Molten Core 3:2,$10 - $260,High CBD,(1g - 28g),https://ik.imagekit.io/qxmwvn2y0qb/higherleaf%2FMolten+Core+Lid.png-e509512-b441-4a5b-96af-fc82224db89?tr=w-320
36,Ayra,Dark Plasma,$10 - $35,Indica Hybrid,(1g - 3.50g),https://ik.imagekit.io/qxmwvn2y0qb/higherleaf%2FDark+Plasma+Lid.png-8cfefd15-596c-4fe6-ba13-114125ba984?tr=w-320
37,Ayra,Gas N' Fruit,$10 - $260,Hybrid,(1g - 28g),https://ik.imagekit.io/qxmwvn2y0qb/higherleaf%2FGas-N-Fruit+Lid.png-3f7ab7ed-55b2-4e4d-9c8a-39d26538e344?tr=w-320
38,Ayra,Gas-N-Fruit Trim,$40,Hybrid,(14g),https://ik.imagekit.io/qxmwvn2y0qb/higherleaf%2FGas-N-Fruit+Lid.png-1a48df99-bb12-4bce-a624-a1ad9517893?tr=w-320
39,Ayra,Pink Lemonade,$10 - $260,Indica Hybrid,(1g - 28g),https://ik.imagekit.io/qxmwvn2y0qb/higherleaf%2FPink+Lemonade+Lid.png-6f16468d-4e9e-4a65-b65f-2f5b65518c6?tr=w-320
40,Ayra,Pink Lemonade Trim,$40,Hybrid,(14g),https://ik.imagekit.io/qxmwvn2y0qb/higherleaf%2FPink+Lemonade+Lid.png-b520cbed-da45-48b3-b790-ecf1f961bbe?tr=w-320
41,Ayra,Pink Pineapple Express,$10 - $260,Hybrid,(1g - 28g),https://ik.imagekit.io/qxmwvn2y0qb/higherleaf%2FPink+Pineapple+Lid.png-a89d19c-2ed2-4bf5-bb1a-a7d27f74bf61?tr=w-320
42,Ayra,Pink Pineapple Express Trim,$40,Sativa Hybrid,(14g),https://ik.imagekit.io/qxmwvn2y0qb/higherleaf%2FPink+Pineapple+Lid.png-a89d19c-2ed2-4bf5-bb1a-a7d27f74bf61?tr=w-320
43,Ayra,True Purple Berry,$70,Indica,(7g),https://ik.imagekit.io/qxmwvn2y0qb/higherleaf%2FTrue+Purple+Berry+Lid.png-9421ba-d5d1-48dd-94c2-955cc971d8ff?tr=w-320
44,Ayra,True Purple Berry,$10 - $260,Hybrid,(1g - 28g),https://ik.imagekit.io/qxmwvn2y0qb/higherleaf%2FARA+True+PURPLE+Berry.jpg-2a59d8e4-9f71-4d3d-87f3-db7e5c8e6d47?tr=w-320
45,Ayra,True Purple Berry Trim,$40,Indica,(14g),https://ik.imagekit.io/qxmwvn2y0qb/higherleaf%2FTrue+Purple+Berry+Lid.png-9421ba-d5d1-48dd-94c2-955cc971d8ff?tr=w-320
46,Ayra,Wicked Bubblegum Trim,$40,Hybrid,(14g),https://ik.imagekit.io/qxmwvn2y0qb/higherleaf%2Farya_Wicked%2BBubblegum%2BLid.jpg-d2ece42d-f646-497e-83a0-869d1bbabbe9?tr=w-320
47,Cascade Crest,CBD Golden Sunrise,$120,High CBD,(28g),https://ik.imagekit.io/qxmwvn2y0qb/Cascade+Crest+WA+Flower+bag.jpg?tr=w-500
48,Cascade Crest,Cheese XXL,$15,Sativa Hybrid,(3.50g),https://ik.imagekit.io/qxmwvn2y0qb/Cascade+Crest+WA+Flower+bag.jpg?tr=w-500
49,Cascade Crest,Wavy Blue,$15,Hybrid,(3.50g),https://ik.imagekit.io/qxmwvn2y0qb/Cascade+Crest+WA+Flower+bag.jpg?tr=w-500
50,Cheef,Alien OG,$30,Hybrid,(3.50g),https://ik.imagekit.io/qxmwvn2y0qb/higherleaf%2FGeneric+Flower.jpg-eb4981fa-baac-4f4-ae7d-1aaf5898836c?tr=w-500
51,Cheef,Gorilla Glue,$30,Hybrid,(3.50g),https://ik.imagekit.io/qxmwvn2y0qb/higherleaf%2FGeneric+Flower.jpg-eb4981fa-baac-4f4-ae7d-1aaf5898836c?tr=w-500
52,Cheef,Vanilla Frosting,$30,Hybrid,(3.50g),https://ik.imagekit.io/qxmwvn2y0qb/higherleaf%2FGeneric+Flower.jpg-eb4981fa-baac-4f4-ae7d-1aaf5898836c?tr=w-500
53,Dawg Star,Orangeade,$12 - $80,Sativa Hybrid,(1g - 7g),https://ik.imagekit.io/qxmwvn2y0qb/Dawg%20Star%20Sativa%20Flower.jpg?tr=w-320
54,Dawg Star,Stacy's Mom,$12 - $80,Indica Hybrid,(1g - 7g),https://ik.imagekit.io/qxmwvn2y0qb/Dawg%20Star%20Indica%20Indoor%20Flower.jpg?tr=w-771.3333333333334,h-385.6666666666667
55,EXO,Kimbo Kush,$10 - $30,Indica,(1g - 3.50g),https://ik.imagekit.io/qxmwvn2y0qb/EXO%20Flower%20Jar.jpg?tr=w-320
56,EXO,L.A. Cookies,$10 - $55,Hybrid,(1g - 7g),https://ik.imagekit.io/qxmwvn2y0qb/EXO%20Flower%20Jar.jpg?tr=w-320
57,EXO,White Wedding,$10 - $55,Hybrid,(1g - 7g),https://ik.imagekit.io/qxmwvn2y0qb/higherleaf%2FEXO.jpg-a3b14d49-dea3-4fb6-bd5e-81aa11ae31a?tr=w-320
58,Exotikz,Mimosa,$50 - $95,Hybrid,(3.50g - 7g),https://ik.imagekit.io/qxmwvn2y0qb/Exotikz+Flower.jpg?tr=w-320
59,Fainting Goat,Sundae Driver,$75,Indica Hybrid,(14g),https://ik.imagekit.io/qxmwvn2y0qb/higherleaf%2FFainting+Goat+Flower.jpg-3f6521a-1a69-4b32-a0ee-f981ccdb8e9a?tr=w-500
60,Fifty Fold,Tropaya,$14 - $45,Hybrid,(1g - 3.50g),https://ik.imagekit.io/qxmwvn2y0qb/higherleaf%2FTropaya.jpeg-c54cd43d-f1c7-4b52-b1b3-889ee3ae812a?tr=w-320
61,Funky Monkey,Unrivaled OG,$25,Hybrid,(3.50g),https://ik.imagekit.io/qxmwvn2y0qb/Funky+Monkey+Cannabis+Co+WA+flower+jars.jpg?tr=w-500
62,Gabriel,Cookies,$48,Hybrid,(3.50g),https://ik.imagekit.io/qxmwvn2y0qb/Gabriel%20Cookies%20Flower.jpg?tr=w-320
63,Gabriel,Frosted Lemons,$48,Sativa Hybrid,(3.50g),https://ik.imagekit.io/qxmwvn2y0qb/Gabriel+Cannabis+Green+Lid+Flower.jpg?tr=w-320
64,Gabriel,Sherbet,$48,Indica Hybrid,(3.50g),https://ik.imagekit.io/qxmwvn2y0qb/GabrielSherbertFlowerPkg.jpg?tr=w-320
65,Giant,Cookie Kush,$100,Hybrid,(28g),https://ik.imagekit.io/qxmwvn2y0qb/higherleaf%2FGiant+Flower.jpg-dd49251c-fcb2-4ae-8dff-ebfe8e91c76f?tr=w-320
66,Giant,Cookies N' Cream,$100,Hybrid,(28g),https://ik.imagekit.io/qxmwvn2y0qb/higherleaf%2FGiant+Flower.jpg-dd49251c-fcb2-4ae-8dff-ebfe8e91c76f?tr=w-320
67,Giant,Nigerian Fire,$100,Sativa,(28g),https://ik.imagekit.io/qxmwvn2y0qb/higherleaf%2FGiant+Sativa.jpg-4160e3db-af7f-433d-b731-d070edc62b67?tr=w-320
68,Giant,Sour Skunk,$100,Sativa,(28g),https://ik.imagekit.io/qxmwvn2y0qb/higherleaf%2FGiant+Sativa.jpg-4160e3db-af7f-433d-b731-d070edc62b67?tr=w-320
69,Gold Leaf Gardens,Icicles,$48 - $95,Hybrid,(3.50g - 7g),https://ik.imagekit.io/qxmwvn2y0qb/Gold%20Leaf%20Flower%20Jar.jpg?tr=w-320
70,Gold Leaf Gardens,Kanaka Kush,$95,Hybrid,(7g),https://ik.imagekit.io/qxmwvn2y0qb/Gold%20Leaf%20Flower%20Jar.jpg?tr=w-320
71,High Rise Cannabis,Blue Dream,$32 - $200,Sativa,(3.50g - 28g),https://ik.imagekit.io/qxmwvn2y0qb/higherleaf%2FHigh-Rise.jpg-795a1117-90fd-44f8-94de-e42c814ae967?tr=w-500
72,High Rise Cannabis,Blue Dream (Popcorn & Shake),$40,Sativa,(10g),https://ik.imagekit.io/qxmwvn2y0qb/higherleaf%2FHigh-Rise.jpg-795a1117-90fd-44f8-94de-e42c814ae967?tr=w-500
73,High Rise Cannabis,LSD,$32 - $200,Hybrid,(3.50g - 28g),https://ik.imagekit.io/qxmwvn2y0qb/higherleaf%2FHigh-Rise.jpg-795a1117-90fd-44f8-94de-e42c814ae967?tr=w-500
74,High Rise Cannabis,OG Kush,$32 - $200,Hybrid,(3.50g - 28g),https://ik.imagekit.io/qxmwvn2y0qb/higherleaf%2FHigh-Rise.jpg-795a1117-90fd-44f8-94de-e42c814ae967?tr=w-500
75,High Rise Cannabis,OG Kush (Popcorn & Shake),$40,Hybrid,(10g),https://ik.imagekit.io/qxmwvn2y0qb/higherleaf%2FHigh-Rise.jpg-795a1117-90fd-44f8-94de-e42c814ae967?tr=w-500
76,High Rise Cannabis,Opal Alias,$18 - $120,Hybrid,(3.50g - 28g),https://ik.imagekit.io/qxmwvn2y0qb/higherleaf%2FHigh-Rise.jpg-795a1117-90fd-44f8-94de-e42c814ae967?tr=w-500
77,High Rise Cannabis,Platinum Kush Breath,$32 - $200,Indica Hybrid,(3.50g - 28g),https://ik.imagekit.io/qxmwvn2y0qb/greentheory%2FHigh-Rise.jpg-4b64b950-d884-478d-afc4-d05e2dab5bd2?tr=w-320
78,High Rise Cannabis,Slurricane,$32 - $200,Indica Hybrid,(3.50g - 28g),https://ik.imagekit.io/qxmwvn2y0qb/greentheory%2FHigh-Rise.jpg-4b64b950-d884-478d-afc4-d05e2dab5bd2?tr=w-320
79,High Rise Cannabis,Starburst (Popcorn & Shake),$40,Sativa,(10g),https://ik.imagekit.io/qxmwvn2y0qb/higherleaf%2FHigh-Rise.jpg-795a1117-90fd-44f8-94de-e42c814ae967?tr=w-500
80,High Rise Cannabis,Starbust,$32 - $200,Sativa,(3.50g - 28g),https://ik.imagekit.io/qxmwvn2y0qb/higherleaf%2FHigh-Rise.jpg-795a1117-90fd-44f8-94de-e42c814ae967?tr=w-500
81,High Rise Cannabis,XJ-13,$32 - $200,Hybrid,(3.50g - 28g),https://ik.imagekit.io/qxmwvn2y0qb/higherleaf%2FHigh-Rise.jpg-795a1117-90fd-44f8-94de-e42c814ae967?tr=w-500
82,Honey Creek,CBD Harlequin,$10 - $65,High CBD,(1.15g - 7.20g),https://ik.imagekit.io/qxmwvn2y0qb/honey+creek+cannabis+flower.jpg?tr=w-320
83,Honey Creek,Fucking Incredible,$13 - $84,Indica,(1g - 7g),https://ik.imagekit.io/qxmwvn2y0qb/honey+creek+cannabis+flower.jpg?tr=w-320
84,Honey Creek,Honey B,$10 - $65,Sativa,(1g - 7g),https://ik.imagekit.io/qxmwvn2y0qb/honey+creek+cannabis+flower.jpg?tr=w-320
85,Honey Creek,Honey Creek Cookies,$15 - $89,Hybrid,(1g - 7g),https://ik.imagekit.io/qxmwvn2y0qb/honey+creek+cannabis+flower.jpg?tr=w-320
86,Honey Creek,Purple Trainwreck,$35 - $65,Hybrid,(3.50g - 7g),https://ik.imagekit.io/qxmwvn2y0qb/honey+creek+cannabis+flower.jpg?tr=w-320
87,Honey Creek,Silver Surfer,$10 - $65,Sativa,(1g - 7g),https://ik.imagekit.io/qxmwvn2y0qb/honey+creek+cannabis+flower.jpg?tr=w-320
88,Honey Creek,Sour Grape,$35,Indica,(3.50g),https://ik.imagekit.io/qxmwvn2y0qb/honey+creek+cannabis+flower.jpg?tr=w-320
89,K- Savage,Gello,$48 - $90,Hybrid,(3.50g - 7g),https://ik.imagekit.io/qxmwvn2y0qb/K-Savage+WA+Flower+Jars.jpg?tr=w-320
90,K- Savage,Kush Mints,$90,Hybrid,(7g),https://ik.imagekit.io/qxmwvn2y0qb/K-Savage+WA+Flower+Jars.jpg?tr=w-320
91,Khush Kush,Brandywine,$38,Indica,(3.50g),https://ik.imagekit.io/qxmwvn2y0qb/higherleaf%2FBrandywine.png-b23a786-6ef4-4346-858c-ed57b2456b3?tr=w-320
92,Khush Kush,Gelato Larry #2,$12 - $75,Hybrid,(1g - 7g),https://ik.imagekit.io/qxmwvn2y0qb/higherleaf%2FGelato+Larry.png-1b41ce5-9333-46b5-8c6-4ee1e3505e10?tr=w-320
93,Khush Kush,Mendo Breath,$12 - $38,Indica,(1g - 3.50g),https://ik.imagekit.io/qxmwvn2y0qb/higherleaf%2FMeno+Breath.png-d482c940-33c9-4c22-a160-6fb3b710df3f?tr=w-320
94,Leafwerx,Blackberry Kush,$28,Indica Hybrid,(3.50g),https://ik.imagekit.io/qxmwvn2y0qb/higherleaf%2FLFW+Flower.jpg-fe49c4ec-dee7-41bb-8647-a77fbed78859?tr=w-320
95,Leafwerx,Blue Dream,$28,Sativa Hybrid,(3.50g),https://ik.imagekit.io/qxmwvn2y0qb/higherleaf%2FLFW+Flower.jpg-fe49c4ec-dee7-41bb-8647-a77fbed78859?tr=w-320
96,Leafwerx,Cheese,$28,Hybrid,(3.50g),https://ik.imagekit.io/qxmwvn2y0qb/higherleaf%2FLFW+Flower.jpg-9fc6cb45-ba9b-4b89-9c35-c70bb337775?tr=w-320
97,Leafwerx,Memory Loss,$28,Sativa Hybrid,(3.50g),https://ik.imagekit.io/qxmwvn2y0qb/higherleaf%2FLFW+Flower.jpg-fe49c4ec-dee7-41bb-8647-a77fbed78859?tr=w-320
98,Leafwerx,Original Glue,$28,Hybrid,(3.50g),https://ik.imagekit.io/qxmwvn2y0qb/higherleaf%2FLFW+Flower.jpg-fe49c4ec-dee7-41bb-8647-a77fbed78859?tr=w-320
99,Legends,Blue Dream,$10 - $25,Sativa,(1g - 3.50g),https://ik.imagekit.io/qxmwvn2y0qb/NWCS+Legends+Blank+Flower+Jar.jpg?tr=w-320
100,Legends,Hash Plant,$25,Indica Hybrid,(3.50g),https://ik.imagekit.io/qxmwvn2y0qb/NWCS+Legends+Blank+Flower+Jar.jpg?tr=w-320
101,Legends,Purple Trainwreck,$10 - $25,Hybrid,(1g - 3.50g),https://ik.imagekit.io/qxmwvn2y0qb/NWCS+Legends+Blank+Flower+Jar.jpg?tr=w-320
102,Loud,Biscotti,$12,Indica Hybrid,(1g),https://ik.imagekit.io/qxmwvn2y0qb/higherleaf%2FLoud-Hybrid.jpg-e6052e0-66d-4b64-98b8-b21212dd1f9e?tr=w-500
103,Loud,M.A.C.,$28,Hybrid,(3.50g),https://ik.imagekit.io/qxmwvn2y0qb/higherleaf%2FLoud-Hybrid.jpg-e6052e0-66d-4b64-98b8-b21212dd1f9e?tr=w-500
104,Loud,Purple Punch,$28,Indica Hybrid,(3.50g),https://ik.imagekit.io/qxmwvn2y0qb/higherleaf%2FLoud-Hybrid.jpg-e6052e0-66d-4b64-98b8-b21212dd1f9e?tr=w-500
105,MAMA J'S,MAC,$12 - $38,Hybrid,(1g - 3.50g),https://ik.imagekit.io/qxmwvn2y0qb/mama+j%27s+flower+jar.jpg?tr=w-320
106,MAMA J'S,Scooby Snacks,$12 - $38,Hybrid,(1g - 3.50g),https://ik.imagekit.io/qxmwvn2y0qb/mama+j%27s+flower+jar.jpg?tr=w-320
107,MAMA J'S,Sugar Biscuit,$12 - $38,Indica,(1g - 3.50g),https://ik.imagekit.io/qxmwvn2y0qb/mama+j%27s+flower+jar.jpg?tr=w-320
108,Mini Budz,Crescendo Mini Budz ,$20,Hybrid,(3.50g),https://ik.imagekit.io/qxmwvn2y0qb/Northwest%20Cannabis%20Solutions%20Mini%20Budz.jpg?tr=w-320
109,Mini Budz,Purple Trainwreck Mini Budz ,$20,Hybrid,(3.50g),https://ik.imagekit.io/qxmwvn2y0qb/Northwest%20Cannabis%20Solutions%20Mini%20Budz.jpg?tr=w-320
110,NWCS,Jesus OG,$10 - $25,Hybrid,(1g - 3.50g),https://ik.imagekit.io/qxmwvn2y0qb/NWCS+Legends+Blank+Flower+Jar.jpg?tr=w-500
111,Native Herb Co.,CBD Citrus Sunrise ,$25,High CBD,(3.50g),https://ik.imagekit.io/qxmwvn2y0qb/Native+Herb+Co+Flower+Jar+CBD.jpg?tr=w-320
112,Native Herb Co.,Crunchberry Haze,$25 - $150,Sativa Hybrid,(3.50g - 28g),https://ik.imagekit.io/qxmwvn2y0qb/Native+Herb+Co.+Sativa+Flower+Jar.jpg?tr=w-320
113,Native Herb Co.,Grape Ape,$25 - $42,Indica,(3.50g - 7g),https://ik.imagekit.io/qxmwvn2y0qb/Native+Herb+Co.+Indica+Flower.jpg?tr=w-320
114,Native Herb Co.,Orange Kush,$25,Indica,(3.50g),https://ik.imagekit.io/qxmwvn2y0qb/higherleaf%2FNative+Indica.jpg-93c41dbd-aaa3-4690-a7a4-98808f511d3?tr=w-320
115,Native Herb Co.,Tangie,$150,Sativa,(28g),https://ik.imagekit.io/qxmwvn2y0qb/Native+Herb+Co.+Sativa+Flower+Jar.jpg?tr=w-320
116,Native Herb Co.,Tangie,$25,Hybrid,(3.50g),https://ik.imagekit.io/qxmwvn2y0qb/higherleaf%2FNative+Hybrid.jpg-c7b6daf0-19e-4fe9-b1e6-dcbb4a96c1a4?tr=w-320
117,Native Herb Co.,White Center Kush,$25 - $150,Hybrid,(3.50g - 28g),https://ik.imagekit.io/qxmwvn2y0qb/higherleaf%2FNative+Hybrid.jpg-c7b6daf0-19e-4fe9-b1e6-dcbb4a96c1a4?tr=w-320
118,Noble Farms,ATF,$75 - $140,Sativa Hybrid,(7g - 14g),https://ik.imagekit.io/qxmwvn2y0qb/Noble+Farms+WA+Flower+Jar.jpg?tr=w-320
119,Noble Farms,GG#4,$12 - $75,Indica Hybrid,(1g - 7g),https://ik.imagekit.io/qxmwvn2y0qb/Noble+Farms+WA+Flower+Jar.jpg?tr=w-320
120,Noble Farms,Pugs Breath,$12 - $270,Sativa,(1g - 28g),https://ik.imagekit.io/qxmwvn2y0qb/higherleaf%2FPugs-Breath.jpg-a3f15dd-699b-47ed-86f-8d4c258d481c?tr=w-320
121,Noble Farms,Sour Pineapple,$38 - $75,Sativa Hybrid,(3.50g - 7g),https://ik.imagekit.io/qxmwvn2y0qb/Noble+Farms+WA+Flower+Jar.jpg?tr=w-320
122,Noble Farms,Triangle Kush,$12 - $75,Indica,(1g - 7g),https://ik.imagekit.io/qxmwvn2y0qb/Noble+Farms+WA+Cookies+%26+Cream+Flower.jpg?tr=w-500
123,OMG Sykes,Cali OG x Haze,$25,Hybrid,(3.50g),https://ik.imagekit.io/qxmwvn2y0qb/OMG+Skyes+Logo.jpg?tr=w-320
124,OMG Sykes,Dirty Girl,$8 - $160,Sativa Hybrid,(1g - 28g),https://ik.imagekit.io/qxmwvn2y0qb/OMG+Skyes+Logo.jpg?tr=w-320
125,OMG Sykes,Dutch Treat #2,$25,Sativa Hybrid,(3.50g),https://ik.imagekit.io/qxmwvn2y0qb/OMG+Skyes+Logo.jpg?tr=w-320
126,OMG Sykes,Hawaiian Dutch Treat,$25,Sativa Hybrid,(3.50g),https://ik.imagekit.io/qxmwvn2y0qb/OMG+Skyes+Logo.jpg?tr=w-320
127,OMG Sykes,NLX B-Buds,$25 - $160,Hybrid,(3.50g - 28g),https://ik.imagekit.io/qxmwvn2y0qb/OMG+Skyes+Logo.jpg?tr=w-320
128,OMG Sykes,Purple Kush,$25 - $160,Hybrid,(3.50g - 28g),https://ik.imagekit.io/qxmwvn2y0qb/OMG+Skyes+Logo.jpg?tr=w-320
129,OMG Sykes,Purple Sour Diesel,$25,Sativa Hybrid,(3.50g),https://ik.imagekit.io/qxmwvn2y0qb/OMG+Skyes+Logo.jpg?tr=w-320
130,Okanogan Gold,Wavy Blue,$95,Hybrid,(28g),https://ik.imagekit.io/qxmwvn2y0qb/Okanogan+Gold+Flower+Bag+Hybrid.jpg?tr=w-320
131,Phat Panda,Black Sparrow,$13 - $79,Indica Hybrid,(1g - 7g),https://ik.imagekit.io/qxmwvn2y0qb/Phat+Panda+Hybrid+Flower+Jar.jpg?tr=w-320
132,Phat Panda,Black Sparrow Bong Buddies,$20,Indica Hybrid,(2g),https://ik.imagekit.io/qxmwvn2y0qb/Phat+Panda+Hybrid+Flower+Jar.jpg?tr=w-320
133,Phat Panda,CBD White Widow ,$40 - $79,High CBD,(3.50g - 7g),https://ik.imagekit.io/qxmwvn2y0qb/Phat%20Panda%20White%20Widow%20Image.jpg?tr=w-320
134,Phat Panda,Cherry Cookies,$13 - $79,Hybrid,(1g - 7g),https://ik.imagekit.io/qxmwvn2y0qb/higherleaf%2FGeneric.jpg-5a1f4577-d34-49d6-abc8-c4d31dc98c6?tr=w-500
135,Phat Panda,Cherry Mintz Platinum Bong Buddies,$22,Hybrid,(2g),https://ik.imagekit.io/qxmwvn2y0qb/higherleaf%2FCherry+Mintz.jpg-35fe46f9-2660-44af-a458-46ad99188c93?tr=w-320
136,Phat Panda,Doughp Platinum Bong Buddies,$22,Hybrid,(2g),https://ik.imagekit.io/qxmwvn2y0qb/higherleaf%2FGeneric.jpg-5a1f4577-d34-49d6-abc8-c4d31dc98c6?tr=w-500
137,Phat Panda,Dutch Delight Platinum Bong Buddies,$22,Hybrid,(2g),https://ik.imagekit.io/qxmwvn2y0qb/higherleaf%2FDutch+Delight.jpg-b0f393f1-f69-408-8ffc-392aa2e0b77?tr=w-500
138,Phat Panda,Envy Platinum,$48,Hybrid,(3.50g),https://ik.imagekit.io/qxmwvn2y0qb/Phat%20Panda%20Platinum%20Series%20Flower%20Jar.jpg?tr=w-320
139,Phat Panda,Golden Pineapple,$13 - $300,Sativa Hybrid,(1g - 28g),https://ik.imagekit.io/qxmwvn2y0qb/Phat%20Panda%20Golden%20Pineapple%20Flower%20Jar.jpg?tr=w-320
140,Phat Panda,Golden Pineapple Bong Buddies,$20,Sativa Hybrid,(2g),https://ik.imagekit.io/qxmwvn2y0qb/Phat%20Panda%20Golden%20Pineapple%20Flower%20Jar.jpg?tr=w-320
141,Phat Panda,Ice Cream Cake,$13 - $79,Indica Hybrid,(1g - 7g),https://ik.imagekit.io/qxmwvn2y0qb/higherleaf%2FIce+Cream+Cake.jpg-ebe0c9f4-104a-4ad2-bf64-608ed899d5?tr=w-320
142,Phat Panda,M.A.C. Platinum Bong Buddies,$22,Indica,(2g),https://ik.imagekit.io/qxmwvn2y0qb/higherleaf%2FMAC.jpg-79706635-52fe-4d64-8928-8ca86683c933?tr=w-320
143,Phat Panda,Motor Breath BB,$20,Indica,(2g),https://ik.imagekit.io/qxmwvn2y0qb/Phat+Panda+Motorbreath+15+Flower+Jar.jpg?tr=w-320
144,Phat Panda,OG Chem,$13 - $300,Sativa Hybrid,(1g - 28g),https://ik.imagekit.io/qxmwvn2y0qb/Phat%20Panda%20OG%20Chem%20Flower%20Jar.jpg?tr=w-320
145,Phat Panda,OG Chem Bong Buddies,$20,Sativa Hybrid,(2g),https://ik.imagekit.io/qxmwvn2y0qb/Phat%20Panda%20OG%20Chem%20Flower%20Jar.jpg?tr=w-320
146,Phat Panda,Punch Breath Platinum,$48 - $89,Indica Hybrid,(3.50g - 7g),https://ik.imagekit.io/qxmwvn2y0qb/higherleaf%2FGeneric.jpg-fbee75d3-588f-48a9-bbbc-9feb8924608c?tr=w-320
147,Phat Panda,Space Queen Bong Buddies,$20,Hybrid,(2g),https://ik.imagekit.io/qxmwvn2y0qb/higherleaf%2FSpace+Queen.jpg-89ac5ca3-a641-456-822b-d7db42f96093?tr=w-320
148,Phat Panda,Tahoe OG Bong Buddies,$20,Hybrid,(2g),https://ik.imagekit.io/qxmwvn2y0qb/higherleaf%2FGeneric.jpg-5a1f4577-d34-49d6-abc8-c4d31dc98c6?tr=w-500
149,Phat Panda,Trophy Wife,$48,Hybrid,(3.50g),https://ik.imagekit.io/qxmwvn2y0qb/Phat+Panda+Hybrid+Flower+Jar.jpg?tr=w-320
150,Phat Panda,Trophy Wife Platinum Series,$22,Indica Hybrid,(2g),https://ik.imagekit.io/qxmwvn2y0qb/higherleaf%2Fphat+panda+TWIFE.jpg-8884c832-977e-4a70-9ee2-60aaf248bfbc?tr=w-320
151,Phat Panda,Turpee Slurpee Platinum Line,$48 - $89,Hybrid,(3.50g - 7g),https://ik.imagekit.io/qxmwvn2y0qb/Phat%20Panda%20Platinum%20Series%20Flower%20Jar.jpg?tr=w-320
152,Phat Panda,Weird Science Platinum Bong Buddies,$22,Hybrid,(2g),https://ik.imagekit.io/qxmwvn2y0qb/higherleaf%2FWeird+Science.jpg-f87e85ab-e2e4-4bbe-b9c0-8bbc2317698?tr=w-320
153,Phat Panda,Zweet Inzanity,$20,Sativa Hybrid,(2g),https://ik.imagekit.io/qxmwvn2y0qb/Phat+Panda+Hybrid+Flower+Jar.jpg?tr=w-320
154,Road Tripp'n,Afgooey,$22 - $140,Indica,(3.50g - 28g),https://ik.imagekit.io/qxmwvn2y0qb/higherleaf%2Fherbn_roadtrippn_indica.png-c2941d94-fe1a-4710-a237-7464ae9ef159?tr=w-320
155,Road Tripp'n,HOG,$22 - $140,Indica,(3.50g - 28g),https://ik.imagekit.io/qxmwvn2y0qb/higherleaf%2Fherbn_roadtrippn_indica.png-c2941d94-fe1a-4710-a237-7464ae9ef159?tr=w-320
156,Road Tripp'n,Lemon Meringue,$22 - $140,Sativa Hybrid,(3.50g - 28g),https://ik.imagekit.io/qxmwvn2y0qb/Road+Tripp%27n+Flower+Jar+Hybrid.jpg?tr=w-320
157,Road Tripp'n,Wifi Alien,$22 - $140,Hybrid,(3.50g - 28g),https://ik.imagekit.io/qxmwvn2y0qb/Road+Tripp%27n+Flower+Jar+Hybrid.jpg?tr=w-320
158,Rocket Cannabis,GG #4,$14 - $42,Indica Hybrid,(1g - 3.50g),https://ik.imagekit.io/qxmwvn2y0qb/Rocket%20Cannabis%20Flower%20Bag.jpg?tr=w-320
159,Rocket Cannabis,Tangerine Cookies,$14 - $80,Sativa Hybrid,(1g - 7g),https://ik.imagekit.io/qxmwvn2y0qb/Rocket%20Cannabis%20Flower%20Bag.jpg?tr=w-320
160,Royal Tree Gardens,Citrique,$15 - $90,Sativa Hybrid,(1g - 7g),https://ik.imagekit.io/qxmwvn2y0qb/Royal+Tree+Gardens+Blank+Flower+Bag.jpg?tr=w-320
161,Royal Tree Gardens,Middlefork,$45 - $90,Sativa Hybrid,(3.50g - 7g),https://ik.imagekit.io/qxmwvn2y0qb/higherleaf%2FRoyal+Tree+Middlefork.jpg-a754f845-16a-4fe5-ac7c-b9f5c8823c3?tr=w-320
162,Royal Tree Gardens,Purple Clementine,$15 - $45,Hybrid,(1g - 3.50g),https://ik.imagekit.io/qxmwvn2y0qb/higherleaf%2FRoyal+Tree+Purple+Clementine.jpg-21452871-3237-47d5-b265-e083942e10fe?tr=w-320
163,SKoRD,Breathmints,$48,Indica Hybrid,(3.50g),https://ik.imagekit.io/qxmwvn2y0qb/higherleaf%2FBreathMints.png-8cb0e01a-cf4-4312-9430-7dfa633c872f?tr=w-320
164,Sasquatch,Jack Herer,$12,Sativa Hybrid,(1g),https://ik.imagekit.io/qxmwvn2y0qb/Sasquatch+Flower+Bag.jpg?tr=w-320
165,Sasquatch,Marionberry Kush,$38,Indica Hybrid,(3.50g),https://ik.imagekit.io/qxmwvn2y0qb/higherleaf%2FGeneric+Flower.jpg-242acf8f-364-4c59-a5b-16cc6e51f97b?tr=w-320
166,Sasquatch,Miracle Whip,$12 - $240,Hybrid,(1g - 28g),https://ik.imagekit.io/qxmwvn2y0qb/higherleaf%2FGeneric+Flower.jpg-242acf8f-364-4c59-a5b-16cc6e51f97b?tr=w-320
167,Sasquatch Cannabis Company,Blue Cheese,$12 - $240,Indica,(1.10g - 28g),https://ik.imagekit.io/qxmwvn2y0qb/higherleaf%2FGeneric+Flower.jpg-eb4981fa-baac-4f4-ae7d-1aaf5898836c?tr=w-320
168,Sasquatch Cannabis Company,Bubblegum,$38 - $70,Indica Hybrid,(3.50g - 7g),https://ik.imagekit.io/qxmwvn2y0qb/higherleaf%2FGeneric+Flower.jpg-2cea4f15-b0f5-44bd-8c6c-97fcaa47e978?tr=w-320
169,Sasquatch Cannabis Company,Frost Giant,$12,Sativa,(1g),https://ik.imagekit.io/qxmwvn2y0qb/higherleaf%2FGeneric+Flower.jpg-e3fa544e-c49d-4f6e-824d-eefece2bdff0?tr=w-320
170,Sasquatch Cannabis Company,Jack Herer,$38 - $240,Sativa,(3.50g - 28g),https://ik.imagekit.io/qxmwvn2y0qb/higherleaf%2FGeneric+Flower.jpg-1af06812-e34-4a77-8d3-b110479badec?tr=w-320
171,Sasquatch Cannabis Company,Sundae Driver,$12 - $70,Hybrid,(1g - 7g),https://ik.imagekit.io/qxmwvn2y0qb/higherleaf%2FGeneric+Flower.jpg-a0ac531c-ef2f-44ef-9342-53b0f854c5bc?tr=w-320
172,Smokey Point Productions,Big Smooth,$7 - $22,Indica Hybrid,(1g - 3.50g),https://ik.imagekit.io/qxmwvn2y0qb/Smokey+Point+Productions+Indica+Flower+Jar.jpg?tr=w-771.3333333333334,h-385.6666666666667
173,Smokey Point Productions,Ice Cream Cake,$10,Indica Hybrid,(1g),https://ik.imagekit.io/qxmwvn2y0qb/Smokey+Point+Productions+Hybrid+Flower+Jar.jpg?tr=w-320
174,Smokey Point Productions,Lodi Dodi,$32,Sativa Hybrid,(3.50g),https://ik.imagekit.io/qxmwvn2y0qb/Smokey+Point+Productions+Sativa+Flower+Jar.jpg?tr=w-320
175,Snickle Fritz,Purple Diesel,$18,Indica Hybrid,(3.50g),https://ik.imagekit.io/qxmwvn2y0qb/Snickle%20Fritz%20Flower%20Bag.jpg?tr=w-500
176,Solstice,Legend of Nigeria,$35 - $220,Sativa,(3.50g - 28g),https://ik.imagekit.io/qxmwvn2y0qb/Solstice%20Flower%20Jar.jpg?tr=w-320
177,Solstice,Obama Kush,$35,Indica Hybrid,(3.50g),https://ik.imagekit.io/qxmwvn2y0qb/Solstice%20Flower%20Jar.jpg?tr=w-320
178,Solstice,Orange Cake,$35 - $220,Sativa Hybrid,(3.50g - 28g),https://ik.imagekit.io/qxmwvn2y0qb/Solstice%20Flower%20Jar.jpg?tr=w-320
179,Soulshine Cannabis,Himalayan Blackberry,$12 - $270,Indica,(1g - 28g),https://ik.imagekit.io/qxmwvn2y0qb/Soulshine%20Cannabis%20Indica%20Flower%20Pkg.jpg
180,Soulshine Cannabis,Island Cookies,$32 - $62,Hybrid,(3.50g - 7g),https://ik.imagekit.io/qxmwvn2y0qb/Soilshine%20Cannabis%20Hybrid%20Flower%20Pkg.jpg?tr=w-500
181,Soulshine Cannabis,Jack Herer,$12 - $270,Sativa Hybrid,(1g - 28g),https://ik.imagekit.io/qxmwvn2y0qb/Soulshine%20Cannabis%20Sativa%20Flower%20Pkg.jpg?tr=w-320
182,Soulshine Cannabis,Klingon,$32 - $62,Indica Hybrid,(3.50g - 7g),https://ik.imagekit.io/qxmwvn2y0qb/Soulshine%20Cannabis%20Indica%20Flower%20Pkg.jpg?tr=w-320
183,Soulshine Cannabis,LA Dream,$38 - $75,Hybrid,(3.50g - 7g),https://ik.imagekit.io/qxmwvn2y0qb/Soilshine%20Cannabis%20Hybrid%20Flower%20Pkg.jpg?tr=w-500
184,Soulshine Cannabis,Lodi Dodi,$12 - $38,Sativa,(1g - 3.50g),https://ik.imagekit.io/qxmwvn2y0qb/Soulshine%20Cannabis%20Lodi%20Dodi%20Flower%20Pkg.jpg?tr=w-320
185,Soulshine Cannabis,Narnia,$12 - $75,Sativa,(1g - 7g),https://ik.imagekit.io/qxmwvn2y0qb/Soulshine%20Cannabis%20Sativa%20Flower%20Pkg.jpg?tr=w-320
186,Soulshine Cannabis,Purple Punch x Kush Mints,$32,Hybrid,(3.50g),https://ik.imagekit.io/qxmwvn2y0qb/Soilshine%20Cannabis%20Hybrid%20Flower%20Pkg.jpg?tr=w-320
187,SubX,Ice Cream Man,$15 - $95,Sativa Hybrid,(1g - 7g),https://ik.imagekit.io/qxmwvn2y0qb/lux%2FSubdued%2BExcitement%2BFlower%2BBag.jpg?tr=w-320
188,SubX,Poisoned Roses,$40,Sativa Hybrid,(3.50g),https://ik.imagekit.io/qxmwvn2y0qb/Subdued+Excitement+Flower+Bag.jpg?tr=w-320
189,Sunshine Co-op,Mandarin Cream Cheese,$9 - $60,Hybrid,(3.50g - 28g),https://ik.imagekit.io/qxmwvn2y0qb/Sunshine+Co-Op+Flower+Bag.jpg?tr=w-320
190,Sunshine Co-op,Wavy Blue,$9 - $18,Hybrid,(3.50g - 7g),https://ik.imagekit.io/qxmwvn2y0qb/Sunshine+Co-Op+Flower+Bag.jpg?tr=w-320
191,Svin Garden,Animal Tree #7,$42,Hybrid,(3.50g),https://ik.imagekit.io/qxmwvn2y0qb/Svin+Garden+Flower+bags.jpg?tr=w-320
192,Svin Garden,Golden Lemons,$42,Hybrid,(3.50g),https://ik.imagekit.io/qxmwvn2y0qb/Svin+Garden+Flower+bags.jpg?tr=w-320
193,Svin Garden,OPP x Animal Mints #5,$48,Indica,(3.50g),https://ik.imagekit.io/qxmwvn2y0qb/Svin+Garden+Flower+bags.jpg?tr=w-500
194,Svin Garden,Wedding Crasher #5,$48,Indica Hybrid,(3.50g),https://ik.imagekit.io/qxmwvn2y0qb/Svin+Garden+Flower+bags.jpg?tr=w-500
195,Sweetwater Farms,Huckleberry Pie,$35 - $70,Indica Hybrid,(3.50g - 7g),https://ik.imagekit.io/qxmwvn2y0qb/Sweetwater+Farms+WA+huckleberry+pie+flower.jpg?tr=w-320
196,Sweetwater Farms,Lemoncane,$35 - $70,Hybrid,(3.50g - 7g),https://ik.imagekit.io/qxmwvn2y0qb/Sweetwater+Farms+WA+Lemoncane+flower.jpg?tr=w-320
197,Sweetwater Farms,Peaches & Diesel,$42 - $80,Sativa Hybrid,(3.50g - 7g),https://ik.imagekit.io/qxmwvn2y0qb/sweetwater+farms+wa+peaches+and+diesel+flower.jpg?tr=w-320
198,Sweetwater Farms,Raspberry Bellini,$70,Hybrid,(7g),https://ik.imagekit.io/qxmwvn2y0qb/Sweetwater+Farms+WA+Raspberry+Bellini+flower.jpg?tr=w-320
199,Torus,Pugs Breath,$55 - $105,Hybrid,(3.50g - 7g),https://ik.imagekit.io/qxmwvn2y0qb/Torus+WA+preliminary+logo.jpg?tr=w-320
200,Torus,Sour Punch,$55 - $105,Sativa,(3.50g - 7g),https://ik.imagekit.io/qxmwvn2y0qb/torus-flower.jpg?tr=w-320
201,Treedom,9# Hammer,$10 - $65,Indica,(1g - 7g),https://ik.imagekit.io/qxmwvn2y0qb/satori%2FTreedomPlatiunumOG.png-aaaaa849-bac6-4677-b614-abd043ea68d9?tr=w-500
202,Treedom,Dolato,$10,Indica,(1g),https://ik.imagekit.io/qxmwvn2y0qb/Treedom+Flower+Jar.jpg?tr=w-320
203,Treedom,God's Gift,$10 - $260,Indica,(1g - 28g),https://ik.imagekit.io/qxmwvn2y0qb/Treedom+Flower+Jar.jpg?tr=w-320
204,Treedom,Ice Cream Cake,$260,Indica Hybrid,(28g),https://ik.imagekit.io/qxmwvn2y0qb/satori%2FTreedomIceCreamCake+%281%29.png-df59aff1-bbb6-46a1-8d81-a04051312045?tr=w-320
205,Treedom,MAC,$10 - $260,Indica Hybrid,(1g - 28g),https://ik.imagekit.io/qxmwvn2y0qb/satori%2FTreedomPlatiunumOG.png-aaaaa849-bac6-4677-b614-abd043ea68d9?tr=w-500
206,Treedom,Platinum OG,$10 - $260,Indica Hybrid,(1g - 28g),https://ik.imagekit.io/qxmwvn2y0qb/satori%2FTreedomPlatiunumOG.png-aaaaa849-bac6-4677-b614-abd043ea68d9?tr=w-320
207,WA Grower,ATF,$25 - $48,Sativa,(3.50g - 7g),https://ik.imagekit.io/qxmwvn2y0qb/WA+Grower+Flower.jpg?tr=w-320
208,WA Grower,Blue Dream,$25 - $48,Sativa,(3.50g - 7g),https://ik.imagekit.io/qxmwvn2y0qb/WA+Grower+Flower.jpg?tr=w-320
209,WA Grower,DJ Shorts Blueberry,$10,Indica,(1g),https://ik.imagekit.io/qxmwvn2y0qb/WA+Grower+Flower.jpg?tr=w-320
210,WA Grower,God's Gift,$25 - $48,Indica,(3.50g - 7g),https://ik.imagekit.io/qxmwvn2y0qb/WA+Grower+Flower.jpg?tr=w-320
211,WA Grower,Ice Cream Sandwich,$10,Indica Hybrid,(1g),https://ik.imagekit.io/qxmwvn2y0qb/higherleaf%2FWA%2BGrower%2BFlower.jpg-a0f866b8-a4dd-4bff-9221-34bcc5b5811?tr=w-500
212,WA Grower,Rapper Kush,$25,Indica,(3.50g),https://ik.imagekit.io/qxmwvn2y0qb/WA+Grower+Flower.jpg?tr=w-320
213,WA Grower,Wedding Cake,$25 - $170,Hybrid,(3.50g - 28g),https://ik.imagekit.io/qxmwvn2y0qb/WA+Grower+Flower.jpg?tr=w-320
214,WA Grower,White Widow,$25 - $170,Sativa,(3.50g - 28g),https://ik.imagekit.io/qxmwvn2y0qb/WA+Grower+Flower.jpg?tr=w-320
215,Walden,Forum GSC,$44,Hybrid,(7g),https://ik.imagekit.io/qxmwvn2y0qb/higherleaf%2FWalden%2BHybrid.jpg-4a3ff2f7-891e-42d8-b8f7-18f445662458?tr=w-320
216,Western Cultured,Ex's Gift,$12 - $80,Hybrid,(1g - 7g),https://ik.imagekit.io/qxmwvn2y0qb/Western%2BCultured%2BJars%2BFlower.jpg?tr=w-771.3333333333334,h-385.6666666666667
217,Western Cultured,Lumpy Space Princess,$12 - $42,Hybrid,(1g - 3.50g),https://ik.imagekit.io/qxmwvn2y0qb/Western%2BCultured%2BJars%2BFlower.jpg?tr=w-320
218,Western Cultured,Seatown Lemon Haze,$12 - $80,Sativa Hybrid,(1g - 7g),https://ik.imagekit.io/qxmwvn2y0qb/Western%2BCultured%2BJars%2BFlower.jpg
219,Western Cultured,Spiked Punch,$80,Indica Hybrid,(7g),https://ik.imagekit.io/qxmwvn2y0qb/Western+Cultured+Jars+Flower-1.jpg?tr=w-320
